{"cameraMode":{"drawMode":0,"name":"Shaded","section":"Shading Mode"},"sceneLighting":false,"audioPlay":false,"sceneViewState":{"showFog":true,"showMaterialUpdate":false,"showSkybox":false,"showFlares":true,"showImageEffects":true,"showParticleSystems":true},"in2DMode":false,"pivot":{"x":0.819371223449707,"y":1.652653455734253,"z":-1.0795778036117554},"rotation":{"x":-0.041301608085632327,"y":0.4466083347797394,"z":0.020643489435315133,"w":0.8935593962669373},"size":1.3043270111083985,"orthographic":false}