{"cameraMode":{"drawMode":0,"name":"Shaded","section":"Shading Mode"},"sceneLighting":false,"audioPlay":false,"sceneViewState":{"showFog":true,"showMaterialUpdate":false,"showSkybox":false,"showFlares":true,"showImageEffects":true,"showParticleSystems":true},"in2DMode":false,"pivot":{"x":5.98715353012085,"y":1.994784951210022,"z":-1.1112515926361085},"rotation":{"x":-0.015766877681016923,"y":-0.9847676753997803,"z":0.11140675097703934,"w":-0.1338188648223877},"size":2.5373334884643556,"orthographic":false}