{"cameraMode":{"drawMode":0,"name":"Shaded","section":"Shading Mode"},"sceneLighting":true,"audioPlay":false,"sceneViewState":{"showFog":true,"showMaterialUpdate":false,"showSkybox":true,"showFlares":true,"showImageEffects":true,"showParticleSystems":true},"in2DMode":false,"pivot":{"x":3.9685513973236086,"y":-5.358129501342773,"z":-44.987735748291019},"rotation":{"x":-0.006435772869735956,"y":-0.9901025891304016,"z":0.1347753256559372,"w":-0.04358745366334915},"size":22.414955139160158,"orthographic":false}