{"cameraMode":{"drawMode":0,"name":"Shaded","section":"Shading Mode"},"sceneLighting":false,"audioPlay":false,"sceneViewState":{"showFog":true,"showMaterialUpdate":false,"showSkybox":false,"showFlares":true,"showImageEffects":true,"showParticleSystems":true},"in2DMode":false,"pivot":{"x":-3.4806270599365236,"y":10.399593353271485,"z":-1.34002685546875},"rotation":{"x":0.09105747193098068,"y":0.017022795975208284,"z":0.001585231046192348,"w":-0.9957841038703919},"size":13.829139709472657,"orthographic":false}