{"cameraMode":{"drawMode":0,"name":"Shaded","section":"Shading Mode"},"sceneLighting":false,"audioPlay":false,"sceneViewState":{"showFog":true,"showMaterialUpdate":false,"showSkybox":false,"showFlares":true,"showImageEffects":true,"showParticleSystems":true},"in2DMode":false,"pivot":{"x":-3.60316801071167,"y":1.279886245727539,"z":-10.031797409057618},"rotation":{"x":0.08807600289583206,"y":0.7408919334411621,"z":-0.09427279978990555,"w":0.6594897508621216},"size":0.212599977850914,"orthographic":false}