{"cameraMode":{"drawMode":0,"name":"Shaded","section":"Shading Mode"},"sceneLighting":true,"audioPlay":false,"sceneViewState":{"showFog":true,"showMaterialUpdate":false,"showSkybox":true,"showFlares":true,"showImageEffects":true,"showParticleSystems":true},"in2DMode":false,"pivot":{"x":-48.889122009277347,"y":8.960492134094239,"z":-17.795812606811525},"rotation":{"x":-0.03174758702516556,"y":-0.7097089290618897,"z":-0.03144350275397301,"w":0.7033734321594238},"size":22.645212173461915,"orthographic":false}