{"cameraMode":{"drawMode":0,"name":"Shaded","section":"Shading Mode"},"sceneLighting":true,"audioPlay":false,"sceneViewState":{"showFog":true,"showMaterialUpdate":false,"showSkybox":true,"showFlares":true,"showImageEffects":true,"showParticleSystems":true},"in2DMode":false,"pivot":{"x":5.450047016143799,"y":-6.874875068664551,"z":-98.08138275146485},"rotation":{"x":0.0020859644282609226,"y":0.9977304935455322,"z":-0.05724037438631058,"w":0.03623655065894127},"size":47.1940803527832,"orthographic":false}