{"cameraMode":{"drawMode":2,"name":"Shaded Wireframe","section":"Shading Mode"},"sceneLighting":false,"audioPlay":false,"sceneViewState":{"showFog":true,"showMaterialUpdate":false,"showSkybox":false,"showFlares":true,"showImageEffects":true,"showParticleSystems":true},"in2DMode":false,"pivot":{"x":-2.8530709743499758,"y":1.6510834693908692,"z":-10.184317588806153},"rotation":{"x":0.4591902494430542,"y":-0.22197532653808595,"z":0.12319311499595642,"w":0.8515943884849548},"size":0.21260005235671998,"orthographic":false}