{"cameraMode":{"drawMode":0,"name":"Shaded","section":"Shading Mode"},"sceneLighting":true,"audioPlay":false,"sceneViewState":{"showFog":true,"showMaterialUpdate":false,"showSkybox":true,"showFlares":true,"showImageEffects":true,"showParticleSystems":true},"in2DMode":false,"pivot":{"x":-5.173248767852783,"y":3.6409661769866945,"z":-14.849224090576172},"rotation":{"x":0.03584916144609451,"y":-0.9544627070426941,"z":0.1315249502658844,"w":0.2657495439052582},"size":7.586129188537598,"orthographic":false}