{"cameraMode":{"drawMode":0,"name":"Shaded","section":"Shading Mode"},"sceneLighting":false,"audioPlay":false,"sceneViewState":{"showFog":true,"showMaterialUpdate":false,"showSkybox":false,"showFlares":true,"showImageEffects":true,"showParticleSystems":true},"in2DMode":false,"pivot":{"x":-0.6005914211273193,"y":1.9418220520019532,"z":0.4886718988418579},"rotation":{"x":-0.009284780360758305,"y":0.7747936248779297,"z":0.011381874792277813,"w":0.6320779323577881},"size":1.0043270587921143,"orthographic":false}