{"cameraMode":{"drawMode":0,"name":"Shaded","section":"Shading Mode"},"sceneLighting":false,"audioPlay":false,"sceneViewState":{"showFog":true,"showMaterialUpdate":false,"showSkybox":false,"showFlares":true,"showImageEffects":true,"showParticleSystems":true},"in2DMode":false,"pivot":{"x":0.614762544631958,"y":1.6136633157730103,"z":-0.8341512680053711},"rotation":{"x":-0.035596366971731189,"y":0.3909691274166107,"z":0.01513399463146925,"w":0.919611930847168},"size":1.3043270111083985,"orthographic":false}