{"cameraMode":{"drawMode":0,"name":"Shaded","section":"Shading Mode"},"sceneLighting":true,"audioPlay":false,"sceneViewState":{"showFog":true,"showMaterialUpdate":false,"showSkybox":true,"showFlares":true,"showImageEffects":true,"showParticleSystems":true},"in2DMode":false,"pivot":{"x":-1.5042909383773804,"y":-54.97562026977539,"z":-73.74601745605469},"rotation":{"x":0.0011337330797687173,"y":0.9360228180885315,"z":-0.35267001390457156,"w":-0.006184953730553389},"size":44.99089050292969,"orthographic":false}