{"cameraMode":{"drawMode":1,"name":"Wireframe","section":"Shading Mode"},"sceneLighting":false,"audioPlay":false,"sceneViewState":{"showFog":true,"showMaterialUpdate":false,"showSkybox":false,"showFlares":true,"showImageEffects":true,"showParticleSystems":true},"in2DMode":false,"pivot":{"x":-3.1084346771240236,"y":2.3168282508850099,"z":-10.044858932495118},"rotation":{"x":0.45455822348594668,"y":-0.5416462421417236,"z":0.5128859281539917,"w":0.487311452627182},"size":0.21260005235671998,"orthographic":false}