{"cameraMode":{"drawMode":0,"name":"Shaded","section":"Shading Mode"},"sceneLighting":true,"audioPlay":false,"sceneViewState":{"showFog":true,"showMaterialUpdate":false,"showSkybox":true,"showFlares":true,"showImageEffects":true,"showParticleSystems":true},"in2DMode":false,"pivot":{"x":-4.891129970550537,"y":-7.1165876388549809,"z":-53.67049789428711},"rotation":{"x":-0.0031762435100972654,"y":0.9932714104652405,"z":-0.11253030598163605,"w":-0.028014661744236947},"size":25.186182022094728,"orthographic":false}