{"cameraMode":{"drawMode":0,"name":"Shaded","section":"Shading Mode"},"sceneLighting":true,"audioPlay":false,"sceneViewState":{"showFog":true,"showMaterialUpdate":false,"showSkybox":true,"showFlares":true,"showImageEffects":true,"showParticleSystems":true},"in2DMode":false,"pivot":{"x":-0.10015395283699036,"y":0.11621259897947312,"z":-14.826605796813965},"rotation":{"x":0.006224119104444981,"y":0.9759783744812012,"z":-0.2160036861896515,"w":0.02811681292951107},"size":5.407395362854004,"orthographic":false}