{"cameraMode":{"drawMode":0,"name":"Shaded","section":"Shading Mode"},"sceneLighting":true,"audioPlay":false,"sceneViewState":{"showFog":true,"showMaterialUpdate":false,"showSkybox":true,"showFlares":true,"showImageEffects":true,"showParticleSystems":true},"in2DMode":false,"pivot":{"x":-15.660643577575684,"y":-11.877413749694825,"z":-38.980411529541019},"rotation":{"x":-0.04099397361278534,"y":0.9589260816574097,"z":-0.20470161736011506,"w":-0.19209003448486329},"size":21.205957412719728,"orthographic":false}