{"cameraMode":{"drawMode":0,"name":"Shaded","section":"Shading Mode"},"sceneLighting":true,"audioPlay":false,"sceneViewState":{"showFog":true,"showMaterialUpdate":false,"showSkybox":true,"showFlares":true,"showImageEffects":true,"showParticleSystems":true},"in2DMode":false,"pivot":{"x":0.05471117049455643,"y":2.0426676273345949,"z":-12.652112007141114},"rotation":{"x":-0.016736896708607675,"y":0.9792954921722412,"z":-0.18003347516059876,"w":-0.0910407155752182},"size":4.026925563812256,"orthographic":false}