{"cameraMode":{"drawMode":0,"name":"Shaded","section":"Shading Mode"},"sceneLighting":true,"audioPlay":false,"sceneViewState":{"showFog":true,"showMaterialUpdate":false,"showSkybox":true,"showFlares":true,"showImageEffects":true,"showParticleSystems":true},"in2DMode":false,"pivot":{"x":-1.709995985031128,"y":-0.07859400659799576,"z":-13.822783470153809},"rotation":{"x":-0.04373800754547119,"y":0.9561670422554016,"z":-0.19361338019371034,"w":-0.2155042588710785},"size":7.939260482788086,"orthographic":false}