{"cameraMode":{"drawMode":0,"name":"Shaded","section":"Shading Mode"},"sceneLighting":true,"audioPlay":false,"sceneViewState":{"showFog":true,"showMaterialUpdate":false,"showSkybox":true,"showFlares":true,"showImageEffects":true,"showParticleSystems":true},"in2DMode":false,"pivot":{"x":-0.01374543085694313,"y":-1.00002121925354,"z":-20.585575103759767},"rotation":{"x":-0.013363910838961602,"y":-0.9843359589576721,"z":0.15801474452018739,"w":-0.07834606617689133},"size":8.343092918395996,"orthographic":false}